'qwe','asd'
'Patricia Knox','price-cole.com'
'Aaron Allison','baker.com'
'Thomas Love','smith.info'
'Crystal Odonnell','cox-washington.com'
'Joyce Phillips','hood.org'
'Sandra Dixon','matthews.com'
'Isaiah Contreras','noble.info'
'Amber Smith','sullivan-johnson.com'
'Melissa Barton','sullivan.com'
'Alexis Tran','scott.com'
'Eric Murray','romero.com'
'Andrea Hill','mckee.com'
'Traci Sanchez','meyer.com'
'Michael Russell','torres.com'
'Melanie Martinez','williams.com'
'Anna Green','brown-jackson.com'
'Rebecca Dominguez','peterson-warren.com'
'Sean Rodriguez','fisher.com'
'Lindsey Ortiz','lopez.net'
'William Mason','sparks-hubbard.com'
'Robert Richardson','aguilar.biz'
'Ashley Shaw','holmes.com'
'Daniel Houston','jackson.com'
'Teresa Stewart','ball.com'
'Ricardo Andrews','reyes-cobb.biz'
'Nicholas Browning','jones.com'
'Tracy Brown','conner-wilson.com'
'Richard Welch','walker.com'
'Sonya Scott','williams-gonzalez.net'
'Gary Velasquez','lopez.com'
'James Carter','anderson.com'
'John Vasquez','gibbs-sullivan.net'
'Nicholas Brown','boyd.net'
'Kyle Johns','williams.com'
'Dennis Becker','white-freeman.info'
'Thomas Perez','barnes.com'
'Gregory Swanson','cruz.info'
'Justin Anderson','escobar-wright.com'
'Robert Wright','martinez.net'
'Jacob Duarte','clark.com'
'Cindy Mitchell','wright-newton.com'
'Jessica Walker','walker.net'
'Sarah King','fleming-roth.net'
'Darrell Robertson','salazar-trujillo.com'
'Mr. William Long','robinson-morgan.com'
'Samantha Brown','sanchez-garcia.net'
'Ryan Baker','schultz.com'
'Jacob Romero','roberts.com'
'Gregory Nguyen','cooper-williams.org'
'Stephen Henson','brady-parker.com'
'Stuart Floyd','wilson.com'
'Jessica Browning','taylor.com'
'David Woods','williams-chaney.info'
'Tammy Young','gonzales.com'
'Whitney Gentry','turner.com'
'Donald Clark','cook-ryan.org'
'Tammy Lee','perez-watson.com'
'Christina Young','figueroa.com'
'Carrie Thomas','hayes.com'
'Lynn Mosley','fields.biz'
'Natalie Bradley','carroll.com'
'Jennifer Thompson','fisher.org'
'Bill Parker','mullen-hanson.com'
'Gloria Arnold','coleman.com'
'Mr. Andrew White PhD','velez.info'
'Maria Garza','owens.info'
'Rachel Leon','berry.com'
'Robert Ford','martinez-white.com'
'Karen Gibson','beck.com'
'Victor Boyd','garcia.net'
'David Jennings','brooks-parsons.com'
'Jason Jones','campbell-gonzales.com'
'James Villarreal','hampton-johnson.com'
'Joseph Barton','bean.com'
'William Marshall','powers.com'
'Paul Atkinson','caldwell-anderson.org'
'Jennifer King','hunter.com'
'Meagan Clark','luna.net'
'David Howard','henderson-peters.com'
'Maureen Woods MD','dawson.org'
'Stephanie Gibson','dunlap-evans.com'
'Charles Becker','mitchell.biz'
'Steven Graves','cox-bautista.com'
'John Hurst','chavez.biz'
'Joseph Weaver','taylor.com'
'Stacey Petersen','evans-gentry.com'
'Daniel Morrison','williams.biz'
'Alexandra Merritt','deleon.com'
'Larry Campbell','jones.com'
'Jerome Gomez','anderson-lee.biz'
'Javier Skinner','hester-young.com'
'Samantha Gibbs','johnson.info'
'Christine Warner','watson-harrington.net'
'Vickie Williams','abbott.com'
'Marilyn Richardson','hull.com'
'Colleen Cameron','bowen.com'
'Jessica Clark','ramos-freeman.com'
'Antonio Arnold','maldonado.org'
'Daniel Andrews','jones.com'
'Kevin Ruiz','torres.com'
'Bobby Rivas','mccormick.com'
'Adam Stewart','elliott-liu.com'
'Caroline Fisher','douglas-roberts.info'
'Carrie Boyd','harris.biz'
'Timothy Snow','walker-carpenter.net'
'Donald Morales','mccoy-jordan.com'
'Aaron Aguilar','perkins.com'
'Jeffrey Brown','ray.info'
'Eric Henson','chan.net'
'Robert Erickson','neal.com'
'Kendra Henry','bell.com'
'John Anderson','terry-howe.com'
'Matthew White','washington.com'
'Jesse Vaughn','davis-thomas.com'
'Robin Thomas','little.com'
'Theresa Jackson','massey.com'
'Ryan Munoz','lopez.biz'
'Larry Sloan','peterson.info'
'Colleen Chan','wilcox.biz'
'David Carpenter','wade.com'
'Jacob Reynolds','smith.com'
'Kirsten Campbell','christian.com'
'Dawn Villanueva','dean.com'
'Richard Cruz','torres-hudson.com'
'Robert Davis','mann-moore.com'
'Joseph Roberson','johnson.biz'
'Aimee Lyons','wilson-allen.info'
'William Taylor','parker.com'
'Angela Richardson','martin.com'
'Sarah Thompson','levy.biz'
'Chelsea Flores','stevens-fisher.com'
'Lisa White','mcmillan-santos.biz'
'Jamie Key','reilly.com'
'Randy Torres','smith-garcia.com'
'Jason Schneider','griffin.biz'
'Frank Guerrero','green-davis.org'
'Keith Burnett','mcgrath.biz'
'Tyler Ortiz','allen-dean.com'
'Rachael Blackwell','ferguson.info'
'Erica Stokes','martin.org'
'Kristy Hill','caldwell-leonard.com'
'Edward Singh','ramirez.com'
'Alicia Hampton','bennett.com'
'Johnny Serrano','barrett.org'
'Larry Roberts','wagner-lopez.com'
'Willie Diaz','morales.com'
'Tammy Taylor','rodgers.biz'
'Shaun Mullins','brown.org'
'Ashley Black','shelton-sanders.com'
'Raymond Jackson','butler.com'
'Tanya Harmon','ross.com'
'Julie Stephens','pacheco-nguyen.info'
'Richard Dominguez','lowe-santos.info'
'Brian Fletcher','ho.info'
'Kenneth Bailey','rowland-guerrero.com'
'Jennifer Lee','lee.com'
'Jay Larson','austin.biz'
'Jennifer Reyes','manning.com'
'Brandon Jones','garrison.org'
'Penny Santana','jacobson.net'
'Robin Owens','salinas.com'
'Ryan Rogers','foster.com'
'Trevor Jackson','mathis.biz'
'Thomas Garcia','lara.com'
'Dr. Jamie Hodges','dixon.com'
'Steven Fox','price.biz'
'Courtney Thompson','gregory.com'
'Amanda Fernandez','bryant.com'
'Denise Cunningham','garrison.net'
'Alejandro Mccarthy','williams-alexander.org'
'Denise Brewer','mcbride.com'
'Denise Smith','cantu-ellis.net'
'Stephen Roberts','moss.net'
'Cody Saunders','harmon-anderson.com'
'Erin Johnson','marks.com'
'Christian Gray','cantu-morgan.com'
'Aaron Wong','dunn-perkins.com'
'Angela Barnett','calhoun-harrison.info'
'Brenda Gaines','zavala.com'
'Edward Malone','martin.com'
'Katrina Harris','martinez.com'
'Anthony Phillips','diaz.info'
'Jason Burgess','diaz-burton.com'
'Stephanie Martinez','phelps.biz'
'Melissa Walker','lee-meyers.com'
'Lisa Diaz','conner-rivera.org'
'Robin Morgan','barron-ferrell.com'
'Patricia Fowler','ingram.com'
'Samantha Smith','james.com'
'Melvin Drake','young.org'
'Christopher Hester Jr.','pineda.org'
'Melissa King','hunter.net'
'Samuel Scott','martinez.com'
'James Smith MD','chang.com'
'Jamie Freeman','chen-hickman.com'
'Christopher Moran','pierce.info'
'Donald Maxwell','king.com'
'Joseph Ayers','rhodes.com'
'Tiffany Thompson','flores-marshall.com'
'Beth Anderson','jackson.info'
'Melanie Thornton','carpenter.net'
'Thomas Ingram','orozco-mueller.com'
'Kevin Rodriguez','baker-byrd.com'
'Thomas Cross','thompson-harris.com'
'Steve Simpson','johnson-hernandez.com'
'Samuel Hayes','schultz.com'
'Jose Knight','brewer.com'
'Amanda Bush','anderson.com'
'Gabrielle Dyer','reese-morgan.com'
'Suzanne Graham','barnes.biz'
'Jeffrey Mclaughlin','mccarthy.com'
'Elizabeth Mcdonald','wilson-frye.info'
'Brandon Mccall','nelson.com'
'Mark Brady','hill.com'
'Amy Norris','coleman.org'
'Jason Brown','campbell-may.com'
'Sheryl Edwards','yoder.net'
'Victoria Gaines','ayers-gregory.com'
'Dr. Rebecca Mendoza','johns.com'
'Vincent May','conley.com'
'Christina Johnson','black.com'
'Katrina Cowan','burnett-lane.info'
